{"cameraMode":{"drawMode":0,"name":"Shaded","section":"Shading Mode"},"sceneLighting":true,"audioPlay":false,"sceneViewState":{"showFog":false,"showMaterialUpdate":false,"showSkybox":false,"showFlares":false,"showImageEffects":false,"showParticleSystems":false},"in2DMode":false,"pivot":{"x":467.0746154785156,"y":133.09213256835938,"z":391.477783203125},"rotation":{"x":0.09077055752277374,"y":-0.007468963507562876,"z":0.0006807824247516692,"w":0.9958431720733643},"size":570.2521362304688,"orthographic":false}