{"cameraMode":{"drawMode":0,"name":"Shaded","section":"Shading Mode"},"sceneLighting":false,"audioPlay":false,"sceneViewState":{"showFog":true,"showMaterialUpdate":true,"showSkybox":false,"showFlares":true,"showImageEffects":true,"showParticleSystems":true},"in2DMode":false,"pivot":{"x":0.0,"y":0.5799999237060547,"z":25.600000381469728},"rotation":{"x":-0.20796482264995576,"y":0.08555853366851807,"z":-0.018260519951581956,"w":-0.9742255806922913},"size":1.2247449159622193,"orthographic":false}