{"cameraMode":{"drawMode":0,"name":"Shaded","section":"Shading Mode"},"sceneLighting":true,"audioPlay":false,"sceneViewState":{"showFog":false,"showMaterialUpdate":false,"showSkybox":false,"showFlares":false,"showImageEffects":false,"showParticleSystems":false},"in2DMode":false,"pivot":{"x":-7.668728828430176,"y":-10.545318603515625,"z":453.54595947265627},"rotation":{"x":0.25173094868659975,"y":-0.06178992986679077,"z":0.016107406467199327,"w":0.9656903147697449},"size":34.3302001953125,"orthographic":false}