{"cameraMode":{"drawMode":0,"name":"Shaded","section":"Shading Mode"},"sceneLighting":true,"audioPlay":false,"sceneViewState":{"showFog":false,"showMaterialUpdate":false,"showSkybox":false,"showFlares":false,"showImageEffects":false,"showParticleSystems":false},"in2DMode":false,"pivot":{"x":6.853234767913818,"y":5.37082576751709,"z":2.93359375},"rotation":{"x":0.11604724824428559,"y":-0.03872620686888695,"z":0.004528076853603125,"w":0.9924778342247009},"size":27.386268615722658,"orthographic":false}