{"cameraMode":{"drawMode":0,"name":"Shaded","section":"Shading Mode"},"sceneLighting":true,"audioPlay":false,"sceneViewState":{"showFog":false,"showMaterialUpdate":false,"showSkybox":false,"showFlares":false,"showImageEffects":false,"showParticleSystems":false},"in2DMode":false,"pivot":{"x":375.46099853515627,"y":278.68402099609377,"z":84.044921875},"rotation":{"x":0.015895795077085496,"y":-0.014997546561062336,"z":0.00023846908879932016,"w":0.9997617602348328},"size":389.2863464355469,"orthographic":false}