{"cameraMode":{"drawMode":0,"name":"Shaded","section":"Shading Mode"},"sceneLighting":true,"audioPlay":false,"sceneViewState":{"showFog":true,"showMaterialUpdate":true,"showSkybox":true,"showFlares":true,"showImageEffects":true,"showParticleSystems":true},"in2DMode":false,"pivot":{"x":1.8313347101211548,"y":3.4648728370666506,"z":0.8536057472229004},"rotation":{"x":0.03688746318221092,"y":0.010492651723325253,"z":-0.00038733307155780494,"w":0.9992637038230896},"size":3.86602520942688,"orthographic":false}